name;type1;type2;total;hp;attack;defense;spAtt;spDef;speed;generation;legendary
bulbasaur;grass;poison;318;45;49;49;65;65;45;1;FALSE
ivysaur;grass;poison;405;60;62;63;80;80;60;1;FALSE
venusaur;grass;poison;525;80;82;83;100;100;80;1;FALSE
venusaurmega venusaur;grass;poison;625;80;100;123;122;120;80;1;FALSE
charmander;fire;;309;39;52;43;60;50;65;1;FALSE
charmeleon;fire;;405;58;64;58;80;65;80;1;FALSE
charizard;fire;flying;534;78;84;78;109;85;100;1;FALSE
charizardmega charizard x;fire;dragon;634;78;130;111;130;85;100;1;FALSE
charizardmega charizard y;fire;flying;634;78;104;78;159;115;100;1;FALSE
squirtle;water;;314;44;48;65;50;64;43;1;FALSE
wartortle;water;;405;59;63;80;65;80;58;1;FALSE
blastoise;water;;530;79;83;100;85;105;78;1;FALSE
blastoisemega blastoise;water;;630;79;103;120;135;115;78;1;FALSE
caterpie;bug;;195;45;30;35;20;20;45;1;FALSE
metapod;bug;;205;50;20;55;25;25;30;1;FALSE
butterfree;bug;flying;395;60;45;50;90;80;70;1;FALSE
weedle;bug;poison;195;40;35;30;20;20;50;1;FALSE
kakuna;bug;poison;205;45;25;50;25;25;35;1;FALSE
beedrill;bug;poison;395;65;90;40;45;80;75;1;FALSE
beedrillmega beedrill;bug;poison;495;65;150;40;15;80;145;1;FALSE
pidgey;normal;flying;251;40;45;40;35;35;56;1;FALSE
pidgeotto;normal;flying;349;63;60;55;50;50;71;1;FALSE
pidgeot;normal;flying;479;83;80;75;70;70;101;1;FALSE
pidgeotmega pidgeot;normal;flying;579;83;80;80;135;80;121;1;FALSE
rattata;normal;;253;30;56;35;25;35;72;1;FALSE
raticate;normal;;413;55;81;60;50;70;97;1;FALSE
spearow;normal;flying;262;40;60;30;31;31;70;1;FALSE
fearow;normal;flying;442;65;90;65;61;61;100;1;FALSE
ekans;poison;;288;35;60;44;40;54;55;1;FALSE
arbok;poison;;438;60;85;69;65;79;80;1;FALSE
pikachu;electric;;320;35;55;40;50;50;90;1;FALSE
raichu;electric;;485;60;90;55;90;80;110;1;FALSE
sandshrew;ground;;300;50;75;85;20;30;40;1;FALSE
sandslash;ground;;450;75;100;110;45;55;65;1;FALSE
nidoranâ™€;poison;;275;55;47;52;40;40;41;1;FALSE
nidorina;poison;;365;70;62;67;55;55;56;1;FALSE
nidoqueen;poison;ground;505;90;92;87;75;85;76;1;FALSE
nidoranâ™‚;poison;;273;46;57;40;40;40;50;1;FALSE
nidorino;poison;;365;61;72;57;55;55;65;1;FALSE
nidoking;poison;ground;505;81;102;77;85;75;85;1;FALSE
clefairy;fairy;;323;70;45;48;60;65;35;1;FALSE
clefable;fairy;;483;95;70;73;95;90;60;1;FALSE
vulpix;fire;;299;38;41;40;50;65;65;1;FALSE
ninetales;fire;;505;73;76;75;81;100;100;1;FALSE
jigglypuff;normal;fairy;270;115;45;20;45;25;20;1;FALSE
wigglytuff;normal;fairy;435;140;70;45;85;50;45;1;FALSE
zubat;poison;flying;245;40;45;35;30;40;55;1;FALSE
golbat;poison;flying;455;75;80;70;65;75;90;1;FALSE
oddish;grass;poison;320;45;50;55;75;65;30;1;FALSE
gloom;grass;poison;395;60;65;70;85;75;40;1;FALSE
vileplume;grass;poison;490;75;80;85;110;90;50;1;FALSE
paras;bug;grass;285;35;70;55;45;55;25;1;FALSE
parasect;bug;grass;405;60;95;80;60;80;30;1;FALSE
venonat;bug;poison;305;60;55;50;40;55;45;1;FALSE
venomoth;bug;poison;450;70;65;60;90;75;90;1;FALSE
diglett;ground;;265;10;55;25;35;45;95;1;FALSE
dugtrio;ground;;405;35;80;50;50;70;120;1;FALSE
meowth;normal;;290;40;45;35;40;40;90;1;FALSE
persian;normal;;440;65;70;60;65;65;115;1;FALSE
psyduck;water;;320;50;52;48;65;50;55;1;FALSE
golduck;water;;500;80;82;78;95;80;85;1;FALSE
mankey;fighting;;305;40;80;35;35;45;70;1;FALSE
primeape;fighting;;455;65;105;60;60;70;95;1;FALSE
growlithe;fire;;350;55;70;45;70;50;60;1;FALSE
arcanine;fire;;555;90;110;80;100;80;95;1;FALSE
poliwag;water;;300;40;50;40;40;40;90;1;FALSE
poliwhirl;water;;385;65;65;65;50;50;90;1;FALSE
poliwrath;water;fighting;510;90;95;95;70;90;70;1;FALSE
abra;psychic;;310;25;20;15;105;55;90;1;FALSE
kadabra;psychic;;400;40;35;30;120;70;105;1;FALSE
alakazam;psychic;;500;55;50;45;135;95;120;1;FALSE
alakazammega alakazam;psychic;;590;55;50;65;175;95;150;1;FALSE
machop;fighting;;305;70;80;50;35;35;35;1;FALSE
machoke;fighting;;405;80;100;70;50;60;45;1;FALSE
machamp;fighting;;505;90;130;80;65;85;55;1;FALSE
bellsprout;grass;poison;300;50;75;35;70;30;40;1;FALSE
weepinbell;grass;poison;390;65;90;50;85;45;55;1;FALSE
victreebel;grass;poison;490;80;105;65;100;70;70;1;FALSE
tentacool;water;poison;335;40;40;35;50;100;70;1;FALSE
tentacruel;water;poison;515;80;70;65;80;120;100;1;FALSE
geodude;rock;ground;300;40;80;100;30;30;20;1;FALSE
graveler;rock;ground;390;55;95;115;45;45;35;1;FALSE
golem;rock;ground;495;80;120;130;55;65;45;1;FALSE
ponyta;fire;;410;50;85;55;65;65;90;1;FALSE
rapidash;fire;;500;65;100;70;80;80;105;1;FALSE
slowpoke;water;psychic;315;90;65;65;40;40;15;1;FALSE
slowbro;water;psychic;490;95;75;110;100;80;30;1;FALSE
slowbromega slowbro;water;psychic;590;95;75;180;130;80;30;1;FALSE
magnemite;electric;steel;325;25;35;70;95;55;45;1;FALSE
magneton;electric;steel;465;50;60;95;120;70;70;1;FALSE
farfetch'd;normal;flying;352;52;65;55;58;62;60;1;FALSE
doduo;normal;flying;310;35;85;45;35;35;75;1;FALSE
dodrio;normal;flying;460;60;110;70;60;60;100;1;FALSE
seel;water;;325;65;45;55;45;70;45;1;FALSE
dewgong;water;ice;475;90;70;80;70;95;70;1;FALSE
grimer;poison;;325;80;80;50;40;50;25;1;FALSE
muk;poison;;500;105;105;75;65;100;50;1;FALSE
shellder;water;;305;30;65;100;45;25;40;1;FALSE
cloyster;water;ice;525;50;95;180;85;45;70;1;FALSE
gastly;ghost;poison;310;30;35;30;100;35;80;1;FALSE
haunter;ghost;poison;405;45;50;45;115;55;95;1;FALSE
gengar;ghost;poison;500;60;65;60;130;75;110;1;FALSE
gengarmega gengar;ghost;poison;600;60;65;80;170;95;130;1;FALSE
onix;rock;ground;385;35;45;160;30;45;70;1;FALSE
drowzee;psychic;;328;60;48;45;43;90;42;1;FALSE
hypno;psychic;;483;85;73;70;73;115;67;1;FALSE
krabby;water;;325;30;105;90;25;25;50;1;FALSE
kingler;water;;475;55;130;115;50;50;75;1;FALSE
voltorb;electric;;330;40;30;50;55;55;100;1;FALSE
electrode;electric;;480;60;50;70;80;80;140;1;FALSE
exeggcute;grass;psychic;325;60;40;80;60;45;40;1;FALSE
exeggutor;grass;psychic;520;95;95;85;125;65;55;1;FALSE
cubone;ground;;320;50;50;95;40;50;35;1;FALSE
marowak;ground;;425;60;80;110;50;80;45;1;FALSE
hitmonlee;fighting;;455;50;120;53;35;110;87;1;FALSE
hitmonchan;fighting;;455;50;105;79;35;110;76;1;FALSE
lickitung;normal;;385;90;55;75;60;75;30;1;FALSE
koffing;poison;;340;40;65;95;60;45;35;1;FALSE
weezing;poison;;490;65;90;120;85;70;60;1;FALSE
rhyhorn;ground;rock;345;80;85;95;30;30;25;1;FALSE
rhydon;ground;rock;485;105;130;120;45;45;40;1;FALSE
chansey;normal;;450;250;5;5;35;105;50;1;FALSE
tangela;grass;;435;65;55;115;100;40;60;1;FALSE
kangaskhan;normal;;490;105;95;80;40;80;90;1;FALSE
kangaskhanmega kangaskhan;normal;;590;105;125;100;60;100;100;1;FALSE
horsea;water;;295;30;40;70;70;25;60;1;FALSE
seadra;water;;440;55;65;95;95;45;85;1;FALSE
goldeen;water;;320;45;67;60;35;50;63;1;FALSE
seaking;water;;450;80;92;65;65;80;68;1;FALSE
staryu;water;;340;30;45;55;70;55;85;1;FALSE
starmie;water;psychic;520;60;75;85;100;85;115;1;FALSE
mr. mime;psychic;fairy;460;40;45;65;100;120;90;1;FALSE
scyther;bug;flying;500;70;110;80;55;80;105;1;FALSE
jynx;ice;psychic;455;65;50;35;115;95;95;1;FALSE
electabuzz;electric;;490;65;83;57;95;85;105;1;FALSE
magmar;fire;;495;65;95;57;100;85;93;1;FALSE
pinsir;bug;;500;65;125;100;55;70;85;1;FALSE
pinsirmega pinsir;bug;flying;600;65;155;120;65;90;105;1;FALSE
tauros;normal;;490;75;100;95;40;70;110;1;FALSE
magikarp;water;;200;20;10;55;15;20;80;1;FALSE
gyarados;water;flying;540;95;125;79;60;100;81;1;FALSE
gyaradosmega gyarados;water;dark;640;95;155;109;70;130;81;1;FALSE
lapras;water;ice;535;130;85;80;85;95;60;1;FALSE
ditto;normal;;288;48;48;48;48;48;48;1;FALSE
eevee;normal;;325;55;55;50;45;65;55;1;FALSE
vaporeon;water;;525;130;65;60;110;95;65;1;FALSE
jolteon;electric;;525;65;65;60;110;95;130;1;FALSE
flareon;fire;;525;65;130;60;95;110;65;1;FALSE
porygon;normal;;395;65;60;70;85;75;40;1;FALSE
omanyte;rock;water;355;35;40;100;90;55;35;1;FALSE
omastar;rock;water;495;70;60;125;115;70;55;1;FALSE
kabuto;rock;water;355;30;80;90;55;45;55;1;FALSE
kabutops;rock;water;495;60;115;105;65;70;80;1;FALSE
aerodactyl;rock;flying;515;80;105;65;60;75;130;1;FALSE
aerodactylmega aerodactyl;rock;flying;615;80;135;85;70;95;150;1;FALSE
snorlax;normal;;540;160;110;65;65;110;30;1;FALSE
articuno;ice;flying;580;90;85;100;95;125;85;1;TRUE
zapdos;electric;flying;580;90;90;85;125;90;100;1;TRUE
moltres;fire;flying;580;90;100;90;125;85;90;1;TRUE
dratini;dragon;;300;41;64;45;50;50;50;1;FALSE
dragonair;dragon;;420;61;84;65;70;70;70;1;FALSE
dragonite;dragon;flying;600;91;134;95;100;100;80;1;FALSE
mewtwo;psychic;;680;106;110;90;154;90;130;1;TRUE
mewtwomega mewtwo x;psychic;fighting;780;106;190;100;154;100;130;1;TRUE
mewtwomega mewtwo y;psychic;;780;106;150;70;194;120;140;1;TRUE
mew;psychic;;600;100;100;100;100;100;100;1;FALSE
chikorita;grass;;318;45;49;65;49;65;45;2;FALSE
bayleef;grass;;405;60;62;80;63;80;60;2;FALSE
meganium;grass;;525;80;82;100;83;100;80;2;FALSE
cyndaquil;fire;;309;39;52;43;60;50;65;2;FALSE
quilava;fire;;405;58;64;58;80;65;80;2;FALSE
typhlosion;fire;;534;78;84;78;109;85;100;2;FALSE
totodile;water;;314;50;65;64;44;48;43;2;FALSE
croconaw;water;;405;65;80;80;59;63;58;2;FALSE
feraligatr;water;;530;85;105;100;79;83;78;2;FALSE
sentret;normal;;215;35;46;34;35;45;20;2;FALSE
furret;normal;;415;85;76;64;45;55;90;2;FALSE
hoothoot;normal;flying;262;60;30;30;36;56;50;2;FALSE
noctowl;normal;flying;442;100;50;50;76;96;70;2;FALSE
ledyba;bug;flying;265;40;20;30;40;80;55;2;FALSE
ledian;bug;flying;390;55;35;50;55;110;85;2;FALSE
spinarak;bug;poison;250;40;60;40;40;40;30;2;FALSE
ariados;bug;poison;390;70;90;70;60;60;40;2;FALSE
crobat;poison;flying;535;85;90;80;70;80;130;2;FALSE
chinchou;water;electric;330;75;38;38;56;56;67;2;FALSE
lanturn;water;electric;460;125;58;58;76;76;67;2;FALSE
pichu;electric;;205;20;40;15;35;35;60;2;FALSE
cleffa;fairy;;218;50;25;28;45;55;15;2;FALSE
igglybuff;normal;fairy;210;90;30;15;40;20;15;2;FALSE
togepi;fairy;;245;35;20;65;40;65;20;2;FALSE
togetic;fairy;flying;405;55;40;85;80;105;40;2;FALSE
natu;psychic;flying;320;40;50;45;70;45;70;2;FALSE
xatu;psychic;flying;470;65;75;70;95;70;95;2;FALSE
mareep;electric;;280;55;40;40;65;45;35;2;FALSE
flaaffy;electric;;365;70;55;55;80;60;45;2;FALSE
ampharos;electric;;510;90;75;85;115;90;55;2;FALSE
ampharosmega ampharos;electric;dragon;610;90;95;105;165;110;45;2;FALSE
bellossom;grass;;490;75;80;95;90;100;50;2;FALSE
marill;water;fairy;250;70;20;50;20;50;40;2;FALSE
azumarill;water;fairy;420;100;50;80;60;80;50;2;FALSE
sudowoodo;rock;;410;70;100;115;30;65;30;2;FALSE
politoed;water;;500;90;75;75;90;100;70;2;FALSE
hoppip;grass;flying;250;35;35;40;35;55;50;2;FALSE
skiploom;grass;flying;340;55;45;50;45;65;80;2;FALSE
jumpluff;grass;flying;460;75;55;70;55;95;110;2;FALSE
aipom;normal;;360;55;70;55;40;55;85;2;FALSE
sunkern;grass;;180;30;30;30;30;30;30;2;FALSE
sunflora;grass;;425;75;75;55;105;85;30;2;FALSE
yanma;bug;flying;390;65;65;45;75;45;95;2;FALSE
wooper;water;ground;210;55;45;45;25;25;15;2;FALSE
quagsire;water;ground;430;95;85;85;65;65;35;2;FALSE
espeon;psychic;;525;65;65;60;130;95;110;2;FALSE
umbreon;dark;;525;95;65;110;60;130;65;2;FALSE
murkrow;dark;flying;405;60;85;42;85;42;91;2;FALSE
slowking;water;psychic;490;95;75;80;100;110;30;2;FALSE
misdreavus;ghost;;435;60;60;60;85;85;85;2;FALSE
unown;psychic;;336;48;72;48;72;48;48;2;FALSE
wobbuffet;psychic;;405;190;33;58;33;58;33;2;FALSE
girafarig;normal;psychic;455;70;80;65;90;65;85;2;FALSE
pineco;bug;;290;50;65;90;35;35;15;2;FALSE
forretress;bug;steel;465;75;90;140;60;60;40;2;FALSE
dunsparce;normal;;415;100;70;70;65;65;45;2;FALSE
gligar;ground;flying;430;65;75;105;35;65;85;2;FALSE
steelix;steel;ground;510;75;85;200;55;65;30;2;FALSE
steelixmega steelix;steel;ground;610;75;125;230;55;95;30;2;FALSE
snubbull;fairy;;300;60;80;50;40;40;30;2;FALSE
granbull;fairy;;450;90;120;75;60;60;45;2;FALSE
qwilfish;water;poison;430;65;95;75;55;55;85;2;FALSE
scizor;bug;steel;500;70;130;100;55;80;65;2;FALSE
scizormega scizor;bug;steel;600;70;150;140;65;100;75;2;FALSE
shuckle;bug;rock;505;20;10;230;10;230;5;2;FALSE
heracross;bug;fighting;500;80;125;75;40;95;85;2;FALSE
heracrossmega heracross;bug;fighting;600;80;185;115;40;105;75;2;FALSE
sneasel;dark;ice;430;55;95;55;35;75;115;2;FALSE
teddiursa;normal;;330;60;80;50;50;50;40;2;FALSE
ursaring;normal;;500;90;130;75;75;75;55;2;FALSE
slugma;fire;;250;40;40;40;70;40;20;2;FALSE
magcargo;fire;rock;410;50;50;120;80;80;30;2;FALSE
swinub;ice;ground;250;50;50;40;30;30;50;2;FALSE
piloswine;ice;ground;450;100;100;80;60;60;50;2;FALSE
corsola;water;rock;380;55;55;85;65;85;35;2;FALSE
remoraid;water;;300;35;65;35;65;35;65;2;FALSE
octillery;water;;480;75;105;75;105;75;45;2;FALSE
delibird;ice;flying;330;45;55;45;65;45;75;2;FALSE
mantine;water;flying;465;65;40;70;80;140;70;2;FALSE
skarmory;steel;flying;465;65;80;140;40;70;70;2;FALSE
houndour;dark;fire;330;45;60;30;80;50;65;2;FALSE
houndoom;dark;fire;500;75;90;50;110;80;95;2;FALSE
houndoommega houndoom;dark;fire;600;75;90;90;140;90;115;2;FALSE
kingdra;water;dragon;540;75;95;95;95;95;85;2;FALSE
phanpy;ground;;330;90;60;60;40;40;40;2;FALSE
donphan;ground;;500;90;120;120;60;60;50;2;FALSE
porygon2;normal;;515;85;80;90;105;95;60;2;FALSE
stantler;normal;;465;73;95;62;85;65;85;2;FALSE
smeargle;normal;;250;55;20;35;20;45;75;2;FALSE
tyrogue;fighting;;210;35;35;35;35;35;35;2;FALSE
hitmontop;fighting;;455;50;95;95;35;110;70;2;FALSE
smoochum;ice;psychic;305;45;30;15;85;65;65;2;FALSE
elekid;electric;;360;45;63;37;65;55;95;2;FALSE
magby;fire;;365;45;75;37;70;55;83;2;FALSE
miltank;normal;;490;95;80;105;40;70;100;2;FALSE
blissey;normal;;540;255;10;10;75;135;55;2;FALSE
raikou;electric;;580;90;85;75;115;100;115;2;TRUE
entei;fire;;580;115;115;85;90;75;100;2;TRUE
suicune;water;;580;100;75;115;90;115;85;2;TRUE
larvitar;rock;ground;300;50;64;50;45;50;41;2;FALSE
pupitar;rock;ground;410;70;84;70;65;70;51;2;FALSE
tyranitar;rock;dark;600;100;134;110;95;100;61;2;FALSE
tyranitarmega tyranitar;rock;dark;700;100;164;150;95;120;71;2;FALSE
lugia;psychic;flying;680;106;90;130;90;154;110;2;TRUE
ho-oh;fire;flying;680;106;130;90;110;154;90;2;TRUE
celebi;psychic;grass;600;100;100;100;100;100;100;2;FALSE
treecko;grass;;310;40;45;35;65;55;70;3;FALSE
grovyle;grass;;405;50;65;45;85;65;95;3;FALSE
sceptile;grass;;530;70;85;65;105;85;120;3;FALSE
sceptilemega sceptile;grass;dragon;630;70;110;75;145;85;145;3;FALSE
torchic;fire;;310;45;60;40;70;50;45;3;FALSE
combusken;fire;fighting;405;60;85;60;85;60;55;3;FALSE
blaziken;fire;fighting;530;80;120;70;110;70;80;3;FALSE
blazikenmega blaziken;fire;fighting;630;80;160;80;130;80;100;3;FALSE
mudkip;water;;310;50;70;50;50;50;40;3;FALSE
marshtomp;water;ground;405;70;85;70;60;70;50;3;FALSE
swampert;water;ground;535;100;110;90;85;90;60;3;FALSE
swampertmega swampert;water;ground;635;100;150;110;95;110;70;3;FALSE
poochyena;dark;;220;35;55;35;30;30;35;3;FALSE
mightyena;dark;;420;70;90;70;60;60;70;3;FALSE
zigzagoon;normal;;240;38;30;41;30;41;60;3;FALSE
linoone;normal;;420;78;70;61;50;61;100;3;FALSE
wurmple;bug;;195;45;45;35;20;30;20;3;FALSE
silcoon;bug;;205;50;35;55;25;25;15;3;FALSE
beautifly;bug;flying;395;60;70;50;100;50;65;3;FALSE
cascoon;bug;;205;50;35;55;25;25;15;3;FALSE
dustox;bug;poison;385;60;50;70;50;90;65;3;FALSE
lotad;water;grass;220;40;30;30;40;50;30;3;FALSE
lombre;water;grass;340;60;50;50;60;70;50;3;FALSE
ludicolo;water;grass;480;80;70;70;90;100;70;3;FALSE
seedot;grass;;220;40;40;50;30;30;30;3;FALSE
nuzleaf;grass;dark;340;70;70;40;60;40;60;3;FALSE
shiftry;grass;dark;480;90;100;60;90;60;80;3;FALSE
taillow;normal;flying;270;40;55;30;30;30;85;3;FALSE
swellow;normal;flying;430;60;85;60;50;50;125;3;FALSE
wingull;water;flying;270;40;30;30;55;30;85;3;FALSE
pelipper;water;flying;430;60;50;100;85;70;65;3;FALSE
ralts;psychic;fairy;198;28;25;25;45;35;40;3;FALSE
kirlia;psychic;fairy;278;38;35;35;65;55;50;3;FALSE
gardevoir;psychic;fairy;518;68;65;65;125;115;80;3;FALSE
gardevoirmega gardevoir;psychic;fairy;618;68;85;65;165;135;100;3;FALSE
surskit;bug;water;269;40;30;32;50;52;65;3;FALSE
masquerain;bug;flying;414;70;60;62;80;82;60;3;FALSE
shroomish;grass;;295;60;40;60;40;60;35;3;FALSE
breloom;grass;fighting;460;60;130;80;60;60;70;3;FALSE
slakoth;normal;;280;60;60;60;35;35;30;3;FALSE
vigoroth;normal;;440;80;80;80;55;55;90;3;FALSE
slaking;normal;;670;150;160;100;95;65;100;3;FALSE
nincada;bug;ground;266;31;45;90;30;30;40;3;FALSE
ninjask;bug;flying;456;61;90;45;50;50;160;3;FALSE
shedinja;bug;ghost;236;1;90;45;30;30;40;3;FALSE
whismur;normal;;240;64;51;23;51;23;28;3;FALSE
loudred;normal;;360;84;71;43;71;43;48;3;FALSE
exploud;normal;;490;104;91;63;91;73;68;3;FALSE
makuhita;fighting;;237;72;60;30;20;30;25;3;FALSE
hariyama;fighting;;474;144;120;60;40;60;50;3;FALSE
azurill;normal;fairy;190;50;20;40;20;40;20;3;FALSE
nosepass;rock;;375;30;45;135;45;90;30;3;FALSE
skitty;normal;;260;50;45;45;35;35;50;3;FALSE
delcatty;normal;;380;70;65;65;55;55;70;3;FALSE
sableye;dark;ghost;380;50;75;75;65;65;50;3;FALSE
sableyemega sableye;dark;ghost;480;50;85;125;85;115;20;3;FALSE
mawile;steel;fairy;380;50;85;85;55;55;50;3;FALSE
mawilemega mawile;steel;fairy;480;50;105;125;55;95;50;3;FALSE
aron;steel;rock;330;50;70;100;40;40;30;3;FALSE
lairon;steel;rock;430;60;90;140;50;50;40;3;FALSE
aggron;steel;rock;530;70;110;180;60;60;50;3;FALSE
aggronmega aggron;steel;;630;70;140;230;60;80;50;3;FALSE
meditite;fighting;psychic;280;30;40;55;40;55;60;3;FALSE
medicham;fighting;psychic;410;60;60;75;60;75;80;3;FALSE
medichammega medicham;fighting;psychic;510;60;100;85;80;85;100;3;FALSE
electrike;electric;;295;40;45;40;65;40;65;3;FALSE
manectric;electric;;475;70;75;60;105;60;105;3;FALSE
manectricmega manectric;electric;;575;70;75;80;135;80;135;3;FALSE
plusle;electric;;405;60;50;40;85;75;95;3;FALSE
minun;electric;;405;60;40;50;75;85;95;3;FALSE
volbeat;bug;;400;65;73;55;47;75;85;3;FALSE
illumise;bug;;400;65;47;55;73;75;85;3;FALSE
roselia;grass;poison;400;50;60;45;100;80;65;3;FALSE
gulpin;poison;;302;70;43;53;43;53;40;3;FALSE
swalot;poison;;467;100;73;83;73;83;55;3;FALSE
carvanha;water;dark;305;45;90;20;65;20;65;3;FALSE
sharpedo;water;dark;460;70;120;40;95;40;95;3;FALSE
sharpedomega sharpedo;water;dark;560;70;140;70;110;65;105;3;FALSE
wailmer;water;;400;130;70;35;70;35;60;3;FALSE
wailord;water;;500;170;90;45;90;45;60;3;FALSE
numel;fire;ground;305;60;60;40;65;45;35;3;FALSE
camerupt;fire;ground;460;70;100;70;105;75;40;3;FALSE
cameruptmega camerupt;fire;ground;560;70;120;100;145;105;20;3;FALSE
torkoal;fire;;470;70;85;140;85;70;20;3;FALSE
spoink;psychic;;330;60;25;35;70;80;60;3;FALSE
grumpig;psychic;;470;80;45;65;90;110;80;3;FALSE
spinda;normal;;360;60;60;60;60;60;60;3;FALSE
trapinch;ground;;290;45;100;45;45;45;10;3;FALSE
vibrava;ground;dragon;340;50;70;50;50;50;70;3;FALSE
flygon;ground;dragon;520;80;100;80;80;80;100;3;FALSE
cacnea;grass;;335;50;85;40;85;40;35;3;FALSE
cacturne;grass;dark;475;70;115;60;115;60;55;3;FALSE
swablu;normal;flying;310;45;40;60;40;75;50;3;FALSE
altaria;dragon;flying;490;75;70;90;70;105;80;3;FALSE
altariamega altaria;dragon;fairy;590;75;110;110;110;105;80;3;FALSE
zangoose;normal;;458;73;115;60;60;60;90;3;FALSE
seviper;poison;;458;73;100;60;100;60;65;3;FALSE
lunatone;rock;psychic;440;70;55;65;95;85;70;3;FALSE
solrock;rock;psychic;440;70;95;85;55;65;70;3;FALSE
barboach;water;ground;288;50;48;43;46;41;60;3;FALSE
whiscash;water;ground;468;110;78;73;76;71;60;3;FALSE
corphish;water;;308;43;80;65;50;35;35;3;FALSE
crawdaunt;water;dark;468;63;120;85;90;55;55;3;FALSE
baltoy;ground;psychic;300;40;40;55;40;70;55;3;FALSE
claydol;ground;psychic;500;60;70;105;70;120;75;3;FALSE
lileep;rock;grass;355;66;41;77;61;87;23;3;FALSE
cradily;rock;grass;495;86;81;97;81;107;43;3;FALSE
anorith;rock;bug;355;45;95;50;40;50;75;3;FALSE
armaldo;rock;bug;495;75;125;100;70;80;45;3;FALSE
feebas;water;;200;20;15;20;10;55;80;3;FALSE
milotic;water;;540;95;60;79;100;125;81;3;FALSE
castform;normal;;420;70;70;70;70;70;70;3;FALSE
kecleon;normal;;440;60;90;70;60;120;40;3;FALSE
shuppet;ghost;;295;44;75;35;63;33;45;3;FALSE
banette;ghost;;455;64;115;65;83;63;65;3;FALSE
banettemega banette;ghost;;555;64;165;75;93;83;75;3;FALSE
duskull;ghost;;295;20;40;90;30;90;25;3;FALSE
dusclops;ghost;;455;40;70;130;60;130;25;3;FALSE
tropius;grass;flying;460;99;68;83;72;87;51;3;FALSE
chimecho;psychic;;425;65;50;70;95;80;65;3;FALSE
absol;dark;;465;65;130;60;75;60;75;3;FALSE
absolmega absol;dark;;565;65;150;60;115;60;115;3;FALSE
wynaut;psychic;;260;95;23;48;23;48;23;3;FALSE
snorunt;ice;;300;50;50;50;50;50;50;3;FALSE
glalie;ice;;480;80;80;80;80;80;80;3;FALSE
glaliemega glalie;ice;;580;80;120;80;120;80;100;3;FALSE
spheal;ice;water;290;70;40;50;55;50;25;3;FALSE
sealeo;ice;water;410;90;60;70;75;70;45;3;FALSE
walrein;ice;water;530;110;80;90;95;90;65;3;FALSE
clamperl;water;;345;35;64;85;74;55;32;3;FALSE
huntail;water;;485;55;104;105;94;75;52;3;FALSE
gorebyss;water;;485;55;84;105;114;75;52;3;FALSE
relicanth;water;rock;485;100;90;130;45;65;55;3;FALSE
luvdisc;water;;330;43;30;55;40;65;97;3;FALSE
bagon;dragon;;300;45;75;60;40;30;50;3;FALSE
shelgon;dragon;;420;65;95;100;60;50;50;3;FALSE
salamence;dragon;flying;600;95;135;80;110;80;100;3;FALSE
salamencemega salamence;dragon;flying;700;95;145;130;120;90;120;3;FALSE
beldum;steel;psychic;300;40;55;80;35;60;30;3;FALSE
metang;steel;psychic;420;60;75;100;55;80;50;3;FALSE
metagross;steel;psychic;600;80;135;130;95;90;70;3;FALSE
metagrossmega metagross;steel;psychic;700;80;145;150;105;110;110;3;FALSE
regirock;rock;;580;80;100;200;50;100;50;3;TRUE
regice;ice;;580;80;50;100;100;200;50;3;TRUE
registeel;steel;;580;80;75;150;75;150;50;3;TRUE
latias;dragon;psychic;600;80;80;90;110;130;110;3;TRUE
latiasmega latias;dragon;psychic;700;80;100;120;140;150;110;3;TRUE
latios;dragon;psychic;600;80;90;80;130;110;110;3;TRUE
latiosmega latios;dragon;psychic;700;80;130;100;160;120;110;3;TRUE
kyogre;water;;670;100;100;90;150;140;90;3;TRUE
kyogreprimal kyogre;water;;770;100;150;90;180;160;90;3;TRUE
groudon;ground;;670;100;150;140;100;90;90;3;TRUE
groudonprimal groudon;ground;fire;770;100;180;160;150;90;90;3;TRUE
rayquaza;dragon;flying;680;105;150;90;150;90;95;3;TRUE
rayquazamega rayquaza;dragon;flying;780;105;180;100;180;100;115;3;TRUE
jirachi;steel;psychic;600;100;100;100;100;100;100;3;TRUE
deoxysnormal forme;psychic;;600;50;150;50;150;50;150;3;TRUE
deoxysattack forme;psychic;;600;50;180;20;180;20;150;3;TRUE
deoxysdefense forme;psychic;;600;50;70;160;70;160;90;3;TRUE
deoxysspeed forme;psychic;;600;50;95;90;95;90;180;3;TRUE
turtwig;grass;;318;55;68;64;45;55;31;4;FALSE
grotle;grass;;405;75;89;85;55;65;36;4;FALSE
torterra;grass;ground;525;95;109;105;75;85;56;4;FALSE
chimchar;fire;;309;44;58;44;58;44;61;4;FALSE
monferno;fire;fighting;405;64;78;52;78;52;81;4;FALSE
infernape;fire;fighting;534;76;104;71;104;71;108;4;FALSE
piplup;water;;314;53;51;53;61;56;40;4;FALSE
prinplup;water;;405;64;66;68;81;76;50;4;FALSE
empoleon;water;steel;530;84;86;88;111;101;60;4;FALSE
starly;normal;flying;245;40;55;30;30;30;60;4;FALSE
staravia;normal;flying;340;55;75;50;40;40;80;4;FALSE
staraptor;normal;flying;485;85;120;70;50;60;100;4;FALSE
bidoof;normal;;250;59;45;40;35;40;31;4;FALSE
bibarel;normal;water;410;79;85;60;55;60;71;4;FALSE
kricketot;bug;;194;37;25;41;25;41;25;4;FALSE
kricketune;bug;;384;77;85;51;55;51;65;4;FALSE
shinx;electric;;263;45;65;34;40;34;45;4;FALSE
luxio;electric;;363;60;85;49;60;49;60;4;FALSE
luxray;electric;;523;80;120;79;95;79;70;4;FALSE
budew;grass;poison;280;40;30;35;50;70;55;4;FALSE
roserade;grass;poison;515;60;70;65;125;105;90;4;FALSE
cranidos;rock;;350;67;125;40;30;30;58;4;FALSE
rampardos;rock;;495;97;165;60;65;50;58;4;FALSE
shieldon;rock;steel;350;30;42;118;42;88;30;4;FALSE
bastiodon;rock;steel;495;60;52;168;47;138;30;4;FALSE
burmy;bug;;224;40;29;45;29;45;36;4;FALSE
wormadamplant cloak;bug;grass;424;60;59;85;79;105;36;4;FALSE
wormadamsandy cloak;bug;ground;424;60;79;105;59;85;36;4;FALSE
wormadamtrash cloak;bug;steel;424;60;69;95;69;95;36;4;FALSE
mothim;bug;flying;424;70;94;50;94;50;66;4;FALSE
combee;bug;flying;244;30;30;42;30;42;70;4;FALSE
vespiquen;bug;flying;474;70;80;102;80;102;40;4;FALSE
pachirisu;electric;;405;60;45;70;45;90;95;4;FALSE
buizel;water;;330;55;65;35;60;30;85;4;FALSE
floatzel;water;;495;85;105;55;85;50;115;4;FALSE
cherubi;grass;;275;45;35;45;62;53;35;4;FALSE
cherrim;grass;;450;70;60;70;87;78;85;4;FALSE
shellos;water;;325;76;48;48;57;62;34;4;FALSE
gastrodon;water;ground;475;111;83;68;92;82;39;4;FALSE
ambipom;normal;;482;75;100;66;60;66;115;4;FALSE
drifloon;ghost;flying;348;90;50;34;60;44;70;4;FALSE
drifblim;ghost;flying;498;150;80;44;90;54;80;4;FALSE
buneary;normal;;350;55;66;44;44;56;85;4;FALSE
lopunny;normal;;480;65;76;84;54;96;105;4;FALSE
lopunnymega lopunny;normal;fighting;580;65;136;94;54;96;135;4;FALSE
mismagius;ghost;;495;60;60;60;105;105;105;4;FALSE
honchkrow;dark;flying;505;100;125;52;105;52;71;4;FALSE
glameow;normal;;310;49;55;42;42;37;85;4;FALSE
purugly;normal;;452;71;82;64;64;59;112;4;FALSE
chingling;psychic;;285;45;30;50;65;50;45;4;FALSE
stunky;poison;dark;329;63;63;47;41;41;74;4;FALSE
skuntank;poison;dark;479;103;93;67;71;61;84;4;FALSE
bronzor;steel;psychic;300;57;24;86;24;86;23;4;FALSE
bronzong;steel;psychic;500;67;89;116;79;116;33;4;FALSE
bonsly;rock;;290;50;80;95;10;45;10;4;FALSE
mime jr.;psychic;fairy;310;20;25;45;70;90;60;4;FALSE
happiny;normal;;220;100;5;5;15;65;30;4;FALSE
chatot;normal;flying;411;76;65;45;92;42;91;4;FALSE
spiritomb;ghost;dark;485;50;92;108;92;108;35;4;FALSE
gible;dragon;ground;300;58;70;45;40;45;42;4;FALSE
gabite;dragon;ground;410;68;90;65;50;55;82;4;FALSE
garchomp;dragon;ground;600;108;130;95;80;85;102;4;FALSE
garchompmega garchomp;dragon;ground;700;108;170;115;120;95;92;4;FALSE
munchlax;normal;;390;135;85;40;40;85;5;4;FALSE
riolu;fighting;;285;40;70;40;35;40;60;4;FALSE
lucario;fighting;steel;525;70;110;70;115;70;90;4;FALSE
lucariomega lucario;fighting;steel;625;70;145;88;140;70;112;4;FALSE
hippopotas;ground;;330;68;72;78;38;42;32;4;FALSE
hippowdon;ground;;525;108;112;118;68;72;47;4;FALSE
skorupi;poison;bug;330;40;50;90;30;55;65;4;FALSE
drapion;poison;dark;500;70;90;110;60;75;95;4;FALSE
croagunk;poison;fighting;300;48;61;40;61;40;50;4;FALSE
toxicroak;poison;fighting;490;83;106;65;86;65;85;4;FALSE
carnivine;grass;;454;74;100;72;90;72;46;4;FALSE
finneon;water;;330;49;49;56;49;61;66;4;FALSE
lumineon;water;;460;69;69;76;69;86;91;4;FALSE
mantyke;water;flying;345;45;20;50;60;120;50;4;FALSE
snover;grass;ice;334;60;62;50;62;60;40;4;FALSE
abomasnow;grass;ice;494;90;92;75;92;85;60;4;FALSE
abomasnowmega abomasnow;grass;ice;594;90;132;105;132;105;30;4;FALSE
weavile;dark;ice;510;70;120;65;45;85;125;4;FALSE
magnezone;electric;steel;535;70;70;115;130;90;60;4;FALSE
lickilicky;normal;;515;110;85;95;80;95;50;4;FALSE
rhyperior;ground;rock;535;115;140;130;55;55;40;4;FALSE
tangrowth;grass;;535;100;100;125;110;50;50;4;FALSE
electivire;electric;;540;75;123;67;95;85;95;4;FALSE
magmortar;fire;;540;75;95;67;125;95;83;4;FALSE
togekiss;fairy;flying;545;85;50;95;120;115;80;4;FALSE
yanmega;bug;flying;515;86;76;86;116;56;95;4;FALSE
leafeon;grass;;525;65;110;130;60;65;95;4;FALSE
glaceon;ice;;525;65;60;110;130;95;65;4;FALSE
gliscor;ground;flying;510;75;95;125;45;75;95;4;FALSE
mamoswine;ice;ground;530;110;130;80;70;60;80;4;FALSE
porygon-z;normal;;535;85;80;70;135;75;90;4;FALSE
gallade;psychic;fighting;518;68;125;65;65;115;80;4;FALSE
gallademega gallade;psychic;fighting;618;68;165;95;65;115;110;4;FALSE
probopass;rock;steel;525;60;55;145;75;150;40;4;FALSE
dusknoir;ghost;;525;45;100;135;65;135;45;4;FALSE
froslass;ice;ghost;480;70;80;70;80;70;110;4;FALSE
rotom;electric;ghost;440;50;50;77;95;77;91;4;FALSE
rotomheat rotom;electric;fire;520;50;65;107;105;107;86;4;FALSE
rotomwash rotom;electric;water;520;50;65;107;105;107;86;4;FALSE
rotomfrost rotom;electric;ice;520;50;65;107;105;107;86;4;FALSE
rotomfan rotom;electric;flying;520;50;65;107;105;107;86;4;FALSE
rotommow rotom;electric;grass;520;50;65;107;105;107;86;4;FALSE
uxie;psychic;;580;75;75;130;75;130;95;4;TRUE
mesprit;psychic;;580;80;105;105;105;105;80;4;TRUE
azelf;psychic;;580;75;125;70;125;70;115;4;TRUE
dialga;steel;dragon;680;100;120;120;150;100;90;4;TRUE
palkia;water;dragon;680;90;120;100;150;120;100;4;TRUE
heatran;fire;steel;600;91;90;106;130;106;77;4;TRUE
regigigas;normal;;670;110;160;110;80;110;100;4;TRUE
giratinaaltered forme;ghost;dragon;680;150;100;120;100;120;90;4;TRUE
giratinaorigin forme;ghost;dragon;680;150;120;100;120;100;90;4;TRUE
cresselia;psychic;;600;120;70;120;75;130;85;4;FALSE
phione;water;;480;80;80;80;80;80;80;4;FALSE
manaphy;water;;600;100;100;100;100;100;100;4;FALSE
darkrai;dark;;600;70;90;90;135;90;125;4;TRUE
shayminland forme;grass;;600;100;100;100;100;100;100;4;TRUE
shayminsky forme;grass;flying;600;100;103;75;120;75;127;4;TRUE
arceus;normal;;720;120;120;120;120;120;120;4;TRUE
victini;psychic;fire;600;100;100;100;100;100;100;5;TRUE
snivy;grass;;308;45;45;55;45;55;63;5;FALSE
servine;grass;;413;60;60;75;60;75;83;5;FALSE
serperior;grass;;528;75;75;95;75;95;113;5;FALSE
tepig;fire;;308;65;63;45;45;45;45;5;FALSE
pignite;fire;fighting;418;90;93;55;70;55;55;5;FALSE
emboar;fire;fighting;528;110;123;65;100;65;65;5;FALSE
oshawott;water;;308;55;55;45;63;45;45;5;FALSE
dewott;water;;413;75;75;60;83;60;60;5;FALSE
samurott;water;;528;95;100;85;108;70;70;5;FALSE
patrat;normal;;255;45;55;39;35;39;42;5;FALSE
watchog;normal;;420;60;85;69;60;69;77;5;FALSE
lillipup;normal;;275;45;60;45;25;45;55;5;FALSE
herdier;normal;;370;65;80;65;35;65;60;5;FALSE
stoutland;normal;;500;85;110;90;45;90;80;5;FALSE
purrloin;dark;;281;41;50;37;50;37;66;5;FALSE
liepard;dark;;446;64;88;50;88;50;106;5;FALSE
pansage;grass;;316;50;53;48;53;48;64;5;FALSE
simisage;grass;;498;75;98;63;98;63;101;5;FALSE
pansear;fire;;316;50;53;48;53;48;64;5;FALSE
simisear;fire;;498;75;98;63;98;63;101;5;FALSE
panpour;water;;316;50;53;48;53;48;64;5;FALSE
simipour;water;;498;75;98;63;98;63;101;5;FALSE
munna;psychic;;292;76;25;45;67;55;24;5;FALSE
musharna;psychic;;487;116;55;85;107;95;29;5;FALSE
pidove;normal;flying;264;50;55;50;36;30;43;5;FALSE
tranquill;normal;flying;358;62;77;62;50;42;65;5;FALSE
unfezant;normal;flying;488;80;115;80;65;55;93;5;FALSE
blitzle;electric;;295;45;60;32;50;32;76;5;FALSE
zebstrika;electric;;497;75;100;63;80;63;116;5;FALSE
roggenrola;rock;;280;55;75;85;25;25;15;5;FALSE
boldore;rock;;390;70;105;105;50;40;20;5;FALSE
gigalith;rock;;515;85;135;130;60;80;25;5;FALSE
woobat;psychic;flying;313;55;45;43;55;43;72;5;FALSE
swoobat;psychic;flying;425;67;57;55;77;55;114;5;FALSE
drilbur;ground;;328;60;85;40;30;45;68;5;FALSE
excadrill;ground;steel;508;110;135;60;50;65;88;5;FALSE
audino;normal;;445;103;60;86;60;86;50;5;FALSE
audinomega audino;normal;fairy;545;103;60;126;80;126;50;5;FALSE
timburr;fighting;;305;75;80;55;25;35;35;5;FALSE
gurdurr;fighting;;405;85;105;85;40;50;40;5;FALSE
conkeldurr;fighting;;505;105;140;95;55;65;45;5;FALSE
tympole;water;;294;50;50;40;50;40;64;5;FALSE
palpitoad;water;ground;384;75;65;55;65;55;69;5;FALSE
seismitoad;water;ground;509;105;95;75;85;75;74;5;FALSE
throh;fighting;;465;120;100;85;30;85;45;5;FALSE
sawk;fighting;;465;75;125;75;30;75;85;5;FALSE
sewaddle;bug;grass;310;45;53;70;40;60;42;5;FALSE
swadloon;bug;grass;380;55;63;90;50;80;42;5;FALSE
leavanny;bug;grass;500;75;103;80;70;80;92;5;FALSE
venipede;bug;poison;260;30;45;59;30;39;57;5;FALSE
whirlipede;bug;poison;360;40;55;99;40;79;47;5;FALSE
scolipede;bug;poison;485;60;100;89;55;69;112;5;FALSE
cottonee;grass;fairy;280;40;27;60;37;50;66;5;FALSE
whimsicott;grass;fairy;480;60;67;85;77;75;116;5;FALSE
petilil;grass;;280;45;35;50;70;50;30;5;FALSE
lilligant;grass;;480;70;60;75;110;75;90;5;FALSE
basculin;water;;460;70;92;65;80;55;98;5;FALSE
sandile;ground;dark;292;50;72;35;35;35;65;5;FALSE
krokorok;ground;dark;351;60;82;45;45;45;74;5;FALSE
krookodile;ground;dark;519;95;117;80;65;70;92;5;FALSE
darumaka;fire;;315;70;90;45;15;45;50;5;FALSE
darmanitanstandard mode;fire;;480;105;140;55;30;55;95;5;FALSE
darmanitanzen mode;fire;psychic;540;105;30;105;140;105;55;5;FALSE
maractus;grass;;461;75;86;67;106;67;60;5;FALSE
dwebble;bug;rock;325;50;65;85;35;35;55;5;FALSE
crustle;bug;rock;475;70;95;125;65;75;45;5;FALSE
scraggy;dark;fighting;348;50;75;70;35;70;48;5;FALSE
scrafty;dark;fighting;488;65;90;115;45;115;58;5;FALSE
sigilyph;psychic;flying;490;72;58;80;103;80;97;5;FALSE
yamask;ghost;;303;38;30;85;55;65;30;5;FALSE
cofagrigus;ghost;;483;58;50;145;95;105;30;5;FALSE
tirtouga;water;rock;355;54;78;103;53;45;22;5;FALSE
carracosta;water;rock;495;74;108;133;83;65;32;5;FALSE
archen;rock;flying;401;55;112;45;74;45;70;5;FALSE
archeops;rock;flying;567;75;140;65;112;65;110;5;FALSE
trubbish;poison;;329;50;50;62;40;62;65;5;FALSE
garbodor;poison;;474;80;95;82;60;82;75;5;FALSE
zorua;dark;;330;40;65;40;80;40;65;5;FALSE
zoroark;dark;;510;60;105;60;120;60;105;5;FALSE
minccino;normal;;300;55;50;40;40;40;75;5;FALSE
cinccino;normal;;470;75;95;60;65;60;115;5;FALSE
gothita;psychic;;290;45;30;50;55;65;45;5;FALSE
gothorita;psychic;;390;60;45;70;75;85;55;5;FALSE
gothitelle;psychic;;490;70;55;95;95;110;65;5;FALSE
solosis;psychic;;290;45;30;40;105;50;20;5;FALSE
duosion;psychic;;370;65;40;50;125;60;30;5;FALSE
reuniclus;psychic;;490;110;65;75;125;85;30;5;FALSE
ducklett;water;flying;305;62;44;50;44;50;55;5;FALSE
swanna;water;flying;473;75;87;63;87;63;98;5;FALSE
vanillite;ice;;305;36;50;50;65;60;44;5;FALSE
vanillish;ice;;395;51;65;65;80;75;59;5;FALSE
vanilluxe;ice;;535;71;95;85;110;95;79;5;FALSE
deerling;normal;grass;335;60;60;50;40;50;75;5;FALSE
sawsbuck;normal;grass;475;80;100;70;60;70;95;5;FALSE
emolga;electric;flying;428;55;75;60;75;60;103;5;FALSE
karrablast;bug;;315;50;75;45;40;45;60;5;FALSE
escavalier;bug;steel;495;70;135;105;60;105;20;5;FALSE
foongus;grass;poison;294;69;55;45;55;55;15;5;FALSE
amoonguss;grass;poison;464;114;85;70;85;80;30;5;FALSE
frillish;water;ghost;335;55;40;50;65;85;40;5;FALSE
jellicent;water;ghost;480;100;60;70;85;105;60;5;FALSE
alomomola;water;;470;165;75;80;40;45;65;5;FALSE
joltik;bug;electric;319;50;47;50;57;50;65;5;FALSE
galvantula;bug;electric;472;70;77;60;97;60;108;5;FALSE
ferroseed;grass;steel;305;44;50;91;24;86;10;5;FALSE
ferrothorn;grass;steel;489;74;94;131;54;116;20;5;FALSE
klink;steel;;300;40;55;70;45;60;30;5;FALSE
klang;steel;;440;60;80;95;70;85;50;5;FALSE
klinklang;steel;;520;60;100;115;70;85;90;5;FALSE
tynamo;electric;;275;35;55;40;45;40;60;5;FALSE
eelektrik;electric;;405;65;85;70;75;70;40;5;FALSE
eelektross;electric;;515;85;115;80;105;80;50;5;FALSE
elgyem;psychic;;335;55;55;55;85;55;30;5;FALSE
beheeyem;psychic;;485;75;75;75;125;95;40;5;FALSE
litwick;ghost;fire;275;50;30;55;65;55;20;5;FALSE
lampent;ghost;fire;370;60;40;60;95;60;55;5;FALSE
chandelure;ghost;fire;520;60;55;90;145;90;80;5;FALSE
axew;dragon;;320;46;87;60;30;40;57;5;FALSE
fraxure;dragon;;410;66;117;70;40;50;67;5;FALSE
haxorus;dragon;;540;76;147;90;60;70;97;5;FALSE
cubchoo;ice;;305;55;70;40;60;40;40;5;FALSE
beartic;ice;;485;95;110;80;70;80;50;5;FALSE
cryogonal;ice;;485;70;50;30;95;135;105;5;FALSE
shelmet;bug;;305;50;40;85;40;65;25;5;FALSE
accelgor;bug;;495;80;70;40;100;60;145;5;FALSE
stunfisk;ground;electric;471;109;66;84;81;99;32;5;FALSE
mienfoo;fighting;;350;45;85;50;55;50;65;5;FALSE
mienshao;fighting;;510;65;125;60;95;60;105;5;FALSE
druddigon;dragon;;485;77;120;90;60;90;48;5;FALSE
golett;ground;ghost;303;59;74;50;35;50;35;5;FALSE
golurk;ground;ghost;483;89;124;80;55;80;55;5;FALSE
pawniard;dark;steel;340;45;85;70;40;40;60;5;FALSE
bisharp;dark;steel;490;65;125;100;60;70;70;5;FALSE
bouffalant;normal;;490;95;110;95;40;95;55;5;FALSE
rufflet;normal;flying;350;70;83;50;37;50;60;5;FALSE
braviary;normal;flying;510;100;123;75;57;75;80;5;FALSE
vullaby;dark;flying;370;70;55;75;45;65;60;5;FALSE
mandibuzz;dark;flying;510;110;65;105;55;95;80;5;FALSE
heatmor;fire;;484;85;97;66;105;66;65;5;FALSE
durant;bug;steel;484;58;109;112;48;48;109;5;FALSE
deino;dark;dragon;300;52;65;50;45;50;38;5;FALSE
zweilous;dark;dragon;420;72;85;70;65;70;58;5;FALSE
hydreigon;dark;dragon;600;92;105;90;125;90;98;5;FALSE
larvesta;bug;fire;360;55;85;55;50;55;60;5;FALSE
volcarona;bug;fire;550;85;60;65;135;105;100;5;FALSE
cobalion;steel;fighting;580;91;90;129;90;72;108;5;TRUE
terrakion;rock;fighting;580;91;129;90;72;90;108;5;TRUE
virizion;grass;fighting;580;91;90;72;90;129;108;5;TRUE
tornadusincarnate forme;flying;;580;79;115;70;125;80;111;5;TRUE
tornadustherian forme;flying;;580;79;100;80;110;90;121;5;TRUE
thundurusincarnate forme;electric;flying;580;79;115;70;125;80;111;5;TRUE
thundurustherian forme;electric;flying;580;79;105;70;145;80;101;5;TRUE
reshiram;dragon;fire;680;100;120;100;150;120;90;5;TRUE
zekrom;dragon;electric;680;100;150;120;120;100;90;5;TRUE
landorusincarnate forme;ground;flying;600;89;125;90;115;80;101;5;TRUE
landorustherian forme;ground;flying;600;89;145;90;105;80;91;5;TRUE
kyurem;dragon;ice;660;125;130;90;130;90;95;5;TRUE
kyuremblack kyurem;dragon;ice;700;125;170;100;120;90;95;5;TRUE
kyuremwhite kyurem;dragon;ice;700;125;120;90;170;100;95;5;TRUE
keldeoordinary forme;water;fighting;580;91;72;90;129;90;108;5;FALSE
keldeoresolute forme;water;fighting;580;91;72;90;129;90;108;5;FALSE
meloettaaria forme;normal;psychic;600;100;77;77;128;128;90;5;FALSE
meloettapirouette forme;normal;fighting;600;100;128;90;77;77;128;5;FALSE
genesect;bug;steel;600;71;120;95;120;95;99;5;FALSE
chespin;grass;;313;56;61;65;48;45;38;6;FALSE
quilladin;grass;;405;61;78;95;56;58;57;6;FALSE
chesnaught;grass;fighting;530;88;107;122;74;75;64;6;FALSE
fennekin;fire;;307;40;45;40;62;60;60;6;FALSE
braixen;fire;;409;59;59;58;90;70;73;6;FALSE
delphox;fire;psychic;534;75;69;72;114;100;104;6;FALSE
froakie;water;;314;41;56;40;62;44;71;6;FALSE
frogadier;water;;405;54;63;52;83;56;97;6;FALSE
greninja;water;dark;530;72;95;67;103;71;122;6;FALSE
bunnelby;normal;;237;38;36;38;32;36;57;6;FALSE
diggersby;normal;ground;423;85;56;77;50;77;78;6;FALSE
fletchling;normal;flying;278;45;50;43;40;38;62;6;FALSE
fletchinder;fire;flying;382;62;73;55;56;52;84;6;FALSE
talonflame;fire;flying;499;78;81;71;74;69;126;6;FALSE
scatterbug;bug;;200;38;35;40;27;25;35;6;FALSE
spewpa;bug;;213;45;22;60;27;30;29;6;FALSE
vivillon;bug;flying;411;80;52;50;90;50;89;6;FALSE
litleo;fire;normal;369;62;50;58;73;54;72;6;FALSE
pyroar;fire;normal;507;86;68;72;109;66;106;6;FALSE
flabacaba;fairy;;303;44;38;39;61;79;42;6;FALSE
floette;fairy;;371;54;45;47;75;98;52;6;FALSE
florges;fairy;;552;78;65;68;112;154;75;6;FALSE
skiddo;grass;;350;66;65;48;62;57;52;6;FALSE
gogoat;grass;;531;123;100;62;97;81;68;6;FALSE
pancham;fighting;;348;67;82;62;46;48;43;6;FALSE
pangoro;fighting;dark;495;95;124;78;69;71;58;6;FALSE
furfrou;normal;;472;75;80;60;65;90;102;6;FALSE
espurr;psychic;;355;62;48;54;63;60;68;6;FALSE
meowsticmale;psychic;;466;74;48;76;83;81;104;6;FALSE
meowsticfemale;psychic;;466;74;48;76;83;81;104;6;FALSE
honedge;steel;ghost;325;45;80;100;35;37;28;6;FALSE
doublade;steel;ghost;448;59;110;150;45;49;35;6;FALSE
aegislashblade forme;steel;ghost;520;60;150;50;150;50;60;6;FALSE
aegislashshield forme;steel;ghost;520;60;50;150;50;150;60;6;FALSE
spritzee;fairy;;341;78;52;60;63;65;23;6;FALSE
aromatisse;fairy;;462;101;72;72;99;89;29;6;FALSE
swirlix;fairy;;341;62;48;66;59;57;49;6;FALSE
slurpuff;fairy;;480;82;80;86;85;75;72;6;FALSE
inkay;dark;psychic;288;53;54;53;37;46;45;6;FALSE
malamar;dark;psychic;482;86;92;88;68;75;73;6;FALSE
binacle;rock;water;306;42;52;67;39;56;50;6;FALSE
barbaracle;rock;water;500;72;105;115;54;86;68;6;FALSE
skrelp;poison;water;320;50;60;60;60;60;30;6;FALSE
dragalge;poison;dragon;494;65;75;90;97;123;44;6;FALSE
clauncher;water;;330;50;53;62;58;63;44;6;FALSE
clawitzer;water;;500;71;73;88;120;89;59;6;FALSE
helioptile;electric;normal;289;44;38;33;61;43;70;6;FALSE
heliolisk;electric;normal;481;62;55;52;109;94;109;6;FALSE
tyrunt;rock;dragon;362;58;89;77;45;45;48;6;FALSE
tyrantrum;rock;dragon;521;82;121;119;69;59;71;6;FALSE
amaura;rock;ice;362;77;59;50;67;63;46;6;FALSE
aurorus;rock;ice;521;123;77;72;99;92;58;6;FALSE
sylveon;fairy;;525;95;65;65;110;130;60;6;FALSE
hawlucha;fighting;flying;500;78;92;75;74;63;118;6;FALSE
dedenne;electric;fairy;431;67;58;57;81;67;101;6;FALSE
carbink;rock;fairy;500;50;50;150;50;150;50;6;FALSE
goomy;dragon;;300;45;50;35;55;75;40;6;FALSE
sliggoo;dragon;;452;68;75;53;83;113;60;6;FALSE
goodra;dragon;;600;90;100;70;110;150;80;6;FALSE
klefki;steel;fairy;470;57;80;91;80;87;75;6;FALSE
phantump;ghost;grass;309;43;70;48;50;60;38;6;FALSE
trevenant;ghost;grass;474;85;110;76;65;82;56;6;FALSE
pumpkabooaverage size;ghost;grass;335;49;66;70;44;55;51;6;FALSE
pumpkaboosmall size;ghost;grass;335;44;66;70;44;55;56;6;FALSE
pumpkaboolarge size;ghost;grass;335;54;66;70;44;55;46;6;FALSE
pumpkaboosuper size;ghost;grass;335;59;66;70;44;55;41;6;FALSE
gourgeistaverage size;ghost;grass;494;65;90;122;58;75;84;6;FALSE
gourgeistsmall size;ghost;grass;494;55;85;122;58;75;99;6;FALSE
gourgeistlarge size;ghost;grass;494;75;95;122;58;75;69;6;FALSE
gourgeistsuper size;ghost;grass;494;85;100;122;58;75;54;6;FALSE
bergmite;ice;;304;55;69;85;32;35;28;6;FALSE
avalugg;ice;;514;95;117;184;44;46;28;6;FALSE
noibat;flying;dragon;245;40;30;35;45;40;55;6;FALSE
noivern;flying;dragon;535;85;70;80;97;80;123;6;FALSE
xerneas;fairy;;680;126;131;95;131;98;99;6;TRUE
yveltal;dark;flying;680;126;131;95;131;98;99;6;TRUE
zygarde50% forme;dragon;ground;600;108;100;121;81;95;95;6;TRUE
diancie;rock;fairy;600;50;100;150;100;150;50;6;TRUE
dianciemega diancie;rock;fairy;700;50;160;110;160;110;110;6;TRUE
hoopahoopa confined;psychic;ghost;600;80;110;60;150;130;70;6;TRUE
hoopahoopa unbound;psychic;dark;680;80;160;60;170;130;80;6;TRUE
volcanion;fire;water;600;80;110;120;130;90;70;6;TRUE
